{
    "sakura.bunnyjump": {
        "subtitle": "Bunny Jump",
        "sounds": [
            "sakura/music3"
        ]
    },
    "sakura.bzrj": {
        "subtitle": "伴宅日记",
        "sounds": [
            "sakura/music6"
        ]
    },
    "sakura.fsyx": {
        "subtitle": "绯色月下",
        "sounds": [
            "sakura/music8"
        ]
    },
    "sakura.yxhyy": {
        "subtitle": "花月谣",
        "sounds": [
            "sakura/music10"
        ]
    },
    "sakura.hyy": {
        "subtitle": "花月夜",
        "sounds": [
            "sakura/music11"
        ]
    },
    "sakura.jljt": {
        "subtitle": "极乐净土",
        "sounds": [
            "sakura/music12"
        ]
    },
    "sakura.jmy": {
        "subtitle": "寄明月",
        "sounds": [
            "sakura/music13"
        ]
    },
    "sakura.lzc": {
        "subtitle": "恋ノ蟲",
        "sounds": [
            "sakura/music14"
        ]
    },
    "sakura.mhh": {
        "subtitle": "梦回还",
        "sounds": [
            "sakura/music15"
        ]
    },
    "sakura.qlyy": {
        "subtitle": "千里邀月",
        "sounds": [
            "sakura/music16"
        ]
    },
    "sakura.rdls": {
        "subtitle": "若当来世",
        "sounds": [
            "sakura/music17"
        ]
    },
    "sakura.ty": {
        "subtitle": "童遊",
        "sounds": [
            "sakura/music19"
        ]
    },
    "sakura.xzl": {
        "subtitle": "雪之泪 雨之音",
        "sounds": [
            "sakura/music20"
        ]
    }
}